{"Mean":{"confidence_interval":{"confidence_level":0.95,"lower_bound":71081.99049845473,"upper_bound":72523.15087540016},"point_estimate":71760.87421148013,"standard_error":368.4615589807038},"Median":{"confidence_interval":{"confidence_level":0.95,"lower_bound":70856.66711590296,"upper_bound":71747.26948051948},"point_estimate":71187.52450485971,"standard_error":226.39338296176706},"MedianAbsDev":{"confidence_interval":{"confidence_level":0.95,"lower_bound":1556.4171576359306,"upper_bound":3184.826377054323},"point_estimate":2199.804131917886,"standard_error":423.99391886888935},"Slope":{"confidence_interval":{"confidence_level":0.95,"lower_bound":70205.05947322676,"upper_bound":71519.59961695815},"point_estimate":70853.80689480461,"standard_error":335.0792737269695},"StdDev":{"confidence_interval":{"confidence_level":0.95,"lower_bound":2549.8765993662732,"upper_bound":4964.454583286512},"point_estimate":3710.650438603155,"standard_error":647.0026283422269}}